{
  "pcap_id": "11d8d8a8-4c5e-44e1-901a-554b2e3814db",
  "timestamp": "2025-10-01T03:34:16.758610",
  "label": "normal",
  "features": {
    "packet_count": 3387,
    "total_bytes": 1189222,
    "duration_seconds": 42.09,
    "packets_per_second": 80.47042052744119,
    "bytes_per_second": 28254.264670943216,
    "avg_packet_size": 338.316,
    "sip_packets": 8,
    "rtp_packets": 0,
    "sip_ratio": 0.0023619722468261,
    "rtp_ratio": 0.0,
    "avg_interarrival": 0.016701811665409915,
    "jitter": 0.029663914225482993,
    "packet_loss_ratio": 0,
    "protocol_count": 3,
    "unique_protocols": [
      "Unknown",
      "SIP",
      "UDP"
    ]
  },
  "stats": {
    "format": "pcap",
    "packet_count": 3387,
    "total_bytes": 1189222,
    "duration_seconds": 42.09,
    "sip_packets": 8,
    "rtp_packets": 0,
    "note": "SIP: 8, RTP: 0"
  }
}