{
  "pcap_id": "748eae59-cd27-427a-94e3-645181794e42",
  "timestamp": "2025-10-01T06:54:27.452756",
  "label": "normal",
  "features": {
    "packet_count": 3331,
    "total_bytes": 725900,
    "duration_seconds": 20.09,
    "packets_per_second": 165.80388252862122,
    "bytes_per_second": 36132.40418118467,
    "avg_packet_size": 221.213,
    "sip_packets": 14,
    "rtp_packets": 3316,
    "sip_ratio": 0.004202942059441609,
    "rtp_ratio": 0.9954968477934554,
    "avg_interarrival": 0.008415541730008207,
    "jitter": 0.0795809641154561,
    "packet_loss_ratio": 0.8275700691591701,
    "protocol_count": 2,
    "unique_protocols": [
      "SIP",
      "RTP"
    ]
  },
  "stats": {
    "format": "pcap",
    "packet_count": 3331,
    "total_bytes": 725900,
    "duration_seconds": 20.09,
    "sip_packets": 14,
    "rtp_packets": 3316,
    "note": "SIP: 14, RTP: 3316"
  }
}