{
  "pcap_id": "d776fd2a-237d-4e70-b903-7cde1096d3b0",
  "timestamp": "2025-10-01T09:11:23.624613",
  "label": "normal",
  "features": {
    "packet_count": 1831,
    "total_bytes": 318067,
    "duration_seconds": 22.75,
    "packets_per_second": 80.48351648351648,
    "bytes_per_second": 13980.967032967033,
    "avg_packet_size": 134.709,
    "sip_packets": 0,
    "rtp_packets": 10,
    "sip_ratio": 0.0,
    "rtp_ratio": 0.005461496450027308,
    "avg_interarrival": 0.01418996288548762,
    "jitter": 0.017755844470369972,
    "packet_loss_ratio": 0.999762746447128,
    "protocol_count": 4,
    "unique_protocols": [
      "Unknown",
      "UDP",
      "TCP",
      "RTP"
    ]
  },
  "stats": {
    "format": "pcap",
    "packet_count": 1831,
    "total_bytes": 318067,
    "duration_seconds": 22.75,
    "sip_packets": 0,
    "rtp_packets": 10,
    "note": "SIP: 0, RTP: 10"
  }
}