{
  "pcap_id": "3c107a06-9cba-4801-a846-a242bb800c76",
  "timestamp": "2025-10-01T04:03:43.575175",
  "label": "normal",
  "features": {
    "packet_count": 3937,
    "total_bytes": 1734118,
    "duration_seconds": 203.4,
    "packets_per_second": 19.355948869223205,
    "bytes_per_second": 8525.653883972467,
    "avg_packet_size": 616.115,
    "sip_packets": 239,
    "rtp_packets": 1161,
    "sip_ratio": 0.060706121412242825,
    "rtp_ratio": 0.2948945897891796,
    "avg_interarrival": 0.04444821085981143,
    "jitter": 0.22778076060664668,
    "packet_loss_ratio": 0.8064354784928309,
    "protocol_count": 5,
    "unique_protocols": [
      "TCP",
      "UDP",
      "SIP",
      "Unknown",
      "ICMP"
    ]
  },
  "stats": {
    "format": "pcap",
    "packet_count": 3937,
    "total_bytes": 1734118,
    "duration_seconds": 203.4,
    "sip_packets": 239,
    "rtp_packets": 1161,
    "note": "SIP: 239, RTP: 1161"
  }
}