{
  "pcap_id": "2c2a724a-b529-4ea6-9204-ae487a63c866",
  "timestamp": "2025-10-10T22:28:08.381037",
  "label": "normal",
  "features": {
    "packet_count": 104,
    "total_bytes": 55704,
    "duration_seconds": 101.98,
    "packets_per_second": 1.0198078054520494,
    "bytes_per_second": 546.2247499509707,
    "avg_packet_size": 535.6153846153846,
    "sip_packets": 53,
    "rtp_packets": 0,
    "sip_ratio": 0.5096153846153846,
    "rtp_ratio": 0.0,
    "avg_interarrival": 1.0096684139553864,
    "jitter": 5.965810494637915,
    "packet_loss_ratio": 0,
    "protocol_count": 4,
    "unique_protocols": [
      2,
      "UDP",
      "TCP",
      "SIP"
    ]
  },
  "stats": {
    "format": "pcap",
    "packet_count": 104,
    "total_bytes": 55704,
    "duration_seconds": 101.98,
    "sip_packets": 53,
    "rtp_packets": 0,
    "note": "SIP: 53, RTP: 0"
  }
}