{
  "pcap_id": "b98ec123-acea-4068-bc2c-0247e9dfb2c3",
  "timestamp": "2025-10-01T09:06:50.529190",
  "label": "normal",
  "features": {
    "packet_count": 1126,
    "total_bytes": 133875,
    "duration_seconds": 17.75,
    "packets_per_second": 63.436619718309856,
    "bytes_per_second": 7542.2535211267605,
    "avg_packet_size": 118.49,
    "sip_packets": 0,
    "rtp_packets": 9,
    "sip_ratio": 0.0,
    "rtp_ratio": 0.007992895204262877,
    "avg_interarrival": 0.01592723831146179,
    "jitter": 0.020973057679399925,
    "packet_loss_ratio": 0.9998316466825043,
    "protocol_count": 5,
    "unique_protocols": [
      "Unknown",
      "TCP",
      "UDP",
      "ICMP",
      "RTP"
    ]
  },
  "stats": {
    "format": "pcap",
    "packet_count": 1126,
    "total_bytes": 133875,
    "duration_seconds": 17.75,
    "sip_packets": 0,
    "rtp_packets": 9,
    "note": "SIP: 0, RTP: 9"
  }
}